number,name_full,name,suffix,canonization,birth,start,end,age_start,age_end,tenure,Personal Name,Place of Birth,Modern-day country of birth,Comments
1,Peter,Peter,1,Saint,0001-06-30T00:00:00Z,0030-01-01T00:00:00Z,0064-12-31T00:00:00Z,28.5065023956194,63.5044490075291,34.9972677595628,"Shimon son of Yonah, Simeon Kephas","Bethsaida, Galilea",Israel,Jew from Judaea
2,Linus,Linus,1,Saint,0010-06-30T00:00:00Z,0064-01-01T00:00:00Z,0076-12-31T00:00:00Z,53.5058179329227,66.5051334702259,12.9972677595628,,"Volterrae, Tuscia (Central Tuscany)",Italy,First Roman pope (Roman citizen)
3,Anacletus,Anacletus,1,Saint,0025-06-30T00:00:00Z,0076-01-01T00:00:00Z,0088-12-31T00:00:00Z,50.5051334702259,63.5044490075291,12.9972677595628,,Probably Greece (Athens),Greece,First Greek pope.
4,Clement I,Clement,1,Saint,0035-06-30T00:00:00Z,0088-04-26T00:00:00Z,0099-11-23T00:00:00Z,52.8240930869268,64.3997262149213,11.5780821917808,,Rome,Italy,
5,Evaristus,Evaristus,1,Saint,0030-06-30T00:00:00Z,0099-11-23T00:00:00Z,0105-10-27T00:00:00Z,69.3990417522245,75.3237508555784,5.92602739726027,,"Bethlehem, Judea",West Bank,Hellenized Jew.
6,Alexander I,Alexander,1,Saint,0075-06-30T00:00:00Z,0105-10-27T00:00:00Z,0115-05-03T00:00:00Z,30.3244353182752,39.8384668035592,9.51506849315068,,Rome,Italy,
7,Sixtus I,Sixtus,1,Saint,0042-06-30T00:00:00Z,0115-05-03T00:00:00Z,0125-04-03T00:00:00Z,72.8377823408624,82.757015742642,9.91780821917808,,Rome,Italy,Possibly of Greek descent
8,Telesphorus,Telesphorus,1,Saint,0067-06-30T00:00:00Z,0125-04-03T00:00:00Z,0136-01-05T00:00:00Z,57.7577002053388,68.5147159479808,10.7568306010929,,"Greece or Terra Nova, Calabria, Italy",Greece or Italy,
9,Hyginus,Hyginus,1,Saint,0074-06-30T00:00:00Z,0136-01-05T00:00:00Z,0140-01-11T00:00:00Z,61.5140314852841,65.5304585900068,4.01639344262295,,"Athens, Greece",Greece,
10,Pius I,Pius,1,Saint,0081-06-30T00:00:00Z,0140-01-11T00:00:00Z,0155-07-11T00:00:00Z,58.5297741273101,74.0260095824778,15.4958904109589,,"Aquileia, Friuli, Italy",Italy,
11,Anicetus,Anicetus,1,Saint,0092-06-30T00:00:00Z,0155-07-11T00:00:00Z,0166-04-20T00:00:00Z,63.025325119781,73.8015058179329,10.7753424657534,,"Emesa, Syria",Syria,Hellenized Syrian; first Syrian pope.
12,Soter,Soter,1,Saint,0119-06-30T00:00:00Z,0166-04-20T00:00:00Z,0174-04-22T00:00:00Z,46.8062970568104,54.8117727583847,8.0054794520548,,"Fondi, Latium, Italy",Italy,
13,Eleutherius,Eleutherius,1,Saint,0130-06-30T00:00:00Z,0174-04-22T00:00:00Z,0189-05-26T00:00:00Z,43.8110882956879,58.9048596851472,15.0931506849315,,"Nicopoli, Epyrus",Greece,
14,Victor I,Victor,1,Saint,0155-06-30T00:00:00Z,0189-05-26T00:00:00Z,0199-07-28T00:00:00Z,33.9055441478439,44.0766598220397,10.172602739726,,Northern Africa,Africa,Roman Berber; first pope to have been born on the continent of Africa.
15,Zephyrinus,Zephyrinus,1,Saint,0160-06-30T00:00:00Z,0199-07-28T00:00:00Z,0217-12-20T00:00:00Z,39.0746064339494,57.4702258726899,18.3972602739726,,Rome,Italy,
16,Callixtus I,Callixtus,1,Saint,0155-06-30T00:00:00Z,0217-12-20T00:00:00Z,0222-10-14T00:00:00Z,62.4722792607803,67.2881587953457,4.81643835616438,,Ravenna,Italy,
17,Urban I,Urban,1,Saint,0175-06-30T00:00:00Z,0222-10-14T00:00:00Z,0230-05-23T00:00:00Z,47.2881587953457,54.8939082819986,7.60547945205479,,Rome,Italy,
18,Pontian,Pontian,1,Saint,0175-06-30T00:00:00Z,0230-08-21T00:00:00Z,0235-09-28T00:00:00Z,55.1403148528405,60.2436687200548,5.10382513661202,,Rome,Italy,First to abdicate after exile to Sardinia by Emperor Maximinus Thrax.
19,Anterus,Anterus,1,Saint,0180-06-30T00:00:00Z,0235-11-21T00:00:00Z,0236-01-03T00:00:00Z,55.3894592744695,55.5071868583162,0.117486338797814,,"Greece or Petilia, Calabria, Italy",Greece or Italy,Greek
20,Fabian,Fabian,1,Saint,0200-06-30T00:00:00Z,0236-01-10T00:00:00Z,0250-01-20T00:00:00Z,35.5290896646133,49.5578370978782,14.027397260274,,Rome,Italy,
21,Cornelius,Cornelius,1,Saint,0180-06-30T00:00:00Z,0251-03-06T00:00:00Z,0253-06-25T00:00:00Z,70.6776180698152,72.9828884325804,2.3041095890411,,Rome,Italy,
22,Lucius I,Lucius,1,Saint,0200-06-30T00:00:00Z,0253-06-25T00:00:00Z,0254-03-05T00:00:00Z,52.9856262833676,53.678302532512,0.693150684931507,,Rome,Italy,
23,Stephen I,Stephen,1,Saint,0205-06-30T00:00:00Z,0254-03-12T00:00:00Z,0257-08-02T00:00:00Z,48.6981519507187,52.0903490759754,3.39178082191781,,Rome,Italy,Greek descent
24,Sixtus II,Sixtus,2,Saint,0215-06-30T00:00:00Z,0257-08-30T00:00:00Z,0258-08-06T00:00:00Z,42.1683778234086,43.1019849418207,0.934246575342466,,Greece or Italy,Greece or Italy,
25,Dionysius,Dionysius,1,Saint,0200-06-30T00:00:00Z,0259-07-22T00:00:00Z,0268-12-26T00:00:00Z,59.0581793292266,68.4900752908966,9.43013698630137,,Magna Graecia (Italy) or unknown,Italy or unknown,
26,Felix I,Felix,1,Saint,0206-06-30T00:00:00Z,0269-01-05T00:00:00Z,0274-12-30T00:00:00Z,62.5188227241615,68.5010266940452,5.98356164383562,,Rome,Italy,
27,Eutychian,Eutychian,1,Saint,0240-06-30T00:00:00Z,0275-01-04T00:00:00Z,0283-12-07T00:00:00Z,34.5133470225873,43.4360027378508,8.92328767123288,,"Luna, Tuscany, Italy",Italy,
28,Caius,Caius,1,Saint,0245-06-30T00:00:00Z,0283-12-17T00:00:00Z,0296-04-22T00:00:00Z,38.4640657084189,50.8117727583847,12.3469945355191,,Dalmatia,Croatia,
29,Marcellinus,Marcellinus,1,Saint,0250-06-30T00:00:00Z,0296-06-30T00:00:00Z,0304-04-26T00:00:00Z,46.0013689253936,53.8206707734429,7.8224043715847,,Rome,Italy,
30,Marcellus I,Marcellus,1,Saint,0255-06-30T00:00:00Z,0308-05-27T00:00:00Z,0309-01-16T00:00:00Z,52.9062286105407,53.5468856947296,0.641095890410959,,Rome,Italy,
31,Eusebius,Eusebius,1,Saint,0255-06-30T00:00:00Z,0309-04-18T00:00:00Z,0310-08-17T00:00:00Z,53.7987679671458,55.129363449692,1.33150684931507,,"Achaea, Greece",Greece,
32,Miltiades,Miltiades,1,Saint,0270-06-30T00:00:00Z,0311-07-02T00:00:00Z,0314-01-10T00:00:00Z,41.0020533880903,43.5290896646133,2.52602739726027,,Africa,Africa,of Berber descent
33,Sylvester I,Sylvester,1,Saint,0285-06-30T00:00:00Z,0314-01-31T00:00:00Z,0335-12-31T00:00:00Z,28.5859000684463,50.4996577686516,21.9150684931507,,"Sant'Angelo a Scala, Avellino",Italy,
34,Mark,Mark,1,Saint,0290-06-30T00:00:00Z,0336-01-18T00:00:00Z,0336-10-07T00:00:00Z,45.5496235455168,46.2696783025325,0.718579234972678,,Rome,Italy,
35,Julius I,Julius,1,Saint,0280-06-30T00:00:00Z,0337-02-06T00:00:00Z,0352-04-12T00:00:00Z,56.6023271731691,71.7809719370294,15.1803278688525,,Rome,Italy,
36,Liberius,Liberius,1,NA,0310-06-30T00:00:00Z,0352-05-17T00:00:00Z,0366-09-24T00:00:00Z,41.8809034907598,56.2354551676934,14.3561643835616,,Rome,Italy,Earliest Pope not yet canonized by the Roman Church. Revered as a saint in Eastern Christianity.
37,Damasus I,Damasus,1,Saint,0305-06-30T00:00:00Z,0366-10-01T00:00:00Z,0384-12-11T00:00:00Z,61.2539356605065,79.4496919917865,18.1945205479452,,Rome or Lusitania (Portugal),Italy or Portugal,The first pope from modern-day Portugal.
38,Siricius,Siricius,1,Saint,0334-06-30T00:00:00Z,0384-12-17T00:00:00Z,0399-11-26T00:00:00Z,50.466803559206,65.4072553045859,14.9424657534247,,Rome,Italy,"Authored important decretal of 386 (written to Bishop Himerius of Tarragona), commanding celibacy for priests, the first decree on this subject."
39,Anastasius I,Anastasius,1,Saint,0340-06-30T00:00:00Z,0399-11-27T00:00:00Z,0401-12-19T00:00:00Z,59.4086242299795,61.4702258726899,2.06027397260274,,Rome,Italy,
40,Innocent I,Innocent,1,Saint,0378-06-30T00:00:00Z,0401-12-21T00:00:00Z,0417-03-12T00:00:00Z,23.4770704996578,38.6995208761123,15.2219178082192,,Albano Laziale or Albania,Italy or Albania,
41,Zosimus,Zosimus,1,Saint,0370-06-30T00:00:00Z,0417-03-18T00:00:00Z,0418-12-26T00:00:00Z,46.7159479808351,48.4900752908967,1.77534246575342,,Calabria,Italy,of Greek descent. 
42,Boniface I,Boniface,1,Saint,0377-06-30T00:00:00Z,0418-12-28T00:00:00Z,0422-09-04T00:00:00Z,41.4948665297741,45.1800136892539,3.68493150684932,,Rome,Italy,
43,Celestine I,Celestine,1,Saint,0380-06-30T00:00:00Z,0422-09-10T00:00:00Z,0432-07-27T00:00:00Z,42.1957563312799,52.0739219712526,9.87704918032787,,"Campania, Western Roman Empire",Italy,
44,Sixtus III,Sixtus,3,Saint,0390-06-30T00:00:00Z,0432-07-31T00:00:00Z,0440-08-18T00:00:00Z,42.0862422997947,50.135523613963,8.04931506849315,,Rome,Italy,
45,Leo I,Leo,1,Saint,0390-06-30T00:00:00Z,0440-09-29T00:00:00Z,0461-11-10T00:00:00Z,50.2505133470226,71.3648186173854,21.1150684931507,,Etruria,Italy,
46,Hilary,Hilary,1,Saint,0400-06-30T00:00:00Z,0461-11-19T00:00:00Z,0468-02-29T00:00:00Z,61.388090349076,67.6659822039699,6.27868852459016,,"Sardinia, Western Roman Empire",Italy,
47,Simplicius,Simplicius,1,Saint,0430-06-30T00:00:00Z,0468-03-03T00:00:00Z,0483-03-10T00:00:00Z,37.6755646817248,52.6926762491444,15.0191256830601,,Tibur,Italy,
48,Felix III,Felix,3,Saint,0440-06-30T00:00:00Z,0483-03-13T00:00:00Z,0492-03-01T00:00:00Z,42.6995208761123,51.668720054757,8.9672131147541,,Rome,Italy,Great-great-grandfather of pope Gregory I.
49,Gelasius I,Gelasius,1,Saint,0410-06-30T00:00:00Z,0492-03-01T00:00:00Z,0496-11-21T00:00:00Z,81.6700889801506,86.3956194387406,4.72602739726027,,Africa,Algeria,"of Berber descent. the last pope to have been born on the continent of Africa. The first pope called the ""Vicar of Christ"""
50,Anastasius II,Anastasius,2,NA,0445-06-30T00:00:00Z,0496-11-24T00:00:00Z,0498-11-19T00:00:00Z,51.4031485284052,53.388090349076,1.98630136986301,,Rome,Italy,of Greek descent. Earliest pope not canonized by either the Latin Church or the Eastern Church. 
51,Symmachus,Symmachus,1,Saint,0460-06-30T00:00:00Z,0498-11-22T00:00:00Z,0514-07-19T00:00:00Z,38.3956194387406,54.0479123887748,15.6547945205479,,Sardinia,Italy,
52,Hormisdas,Hormisdas,1,Saint,0450-06-30T00:00:00Z,0514-07-20T00:00:00Z,0523-08-06T00:00:00Z,64.0520191649555,73.09787816564,9.04644808743169,,Frusino,Italy,
53,John I,John,1,Saint,0470-06-30T00:00:00Z,0523-08-13T00:00:00Z,0526-05-18T00:00:00Z,53.1170431211499,55.8795345653662,2.76164383561644,,Tuscany,Italy,
54,Felix IV,Felix,4,Saint,0490-06-30T00:00:00Z,0526-07-12T00:00:00Z,0530-09-22T00:00:00Z,36.0301163586585,40.227241615332,4.1972602739726,,Samnium,Italy,
55,Boniface II,Boniface,2,NA,0490-06-30T00:00:00Z,0530-09-22T00:00:00Z,0532-10-17T00:00:00Z,40.227241615332,42.2970568104038,2.06849315068493,,Rome to Ostrogoth parents,Italy,First Germanic pope. Changed the numbering of the years in the Julian Calendar from the Era of the Martyrs to Anno Domini. 
56,John II,John,2,NA,0473-06-30T00:00:00Z,0533-01-02T00:00:00Z,0535-05-08T00:00:00Z,59.5071868583162,61.8507871321013,2.34520547945206,Mercurius,Rome,Italy,First pope not to use his personal name
57,Agapetus I,Agapetus,1,Saint,0490-06-30T00:00:00Z,0535-05-13T00:00:00Z,0536-04-22T00:00:00Z,44.8651608487337,45.8097193702943,0.942622950819672,,"Rome, Ostrogothic Kingdom",Italy,
58,Silverius,Silverius,1,Saint,0480-06-30T00:00:00Z,0536-06-08T00:00:00Z,0537-03-11T00:00:00Z,55.937029431896,56.6926762491444,0.756164383561644,,Campania,Italy,Son of Pope Hormisdas before he became a priest.
59,Vigilius,Vigilius,1,NA,0500-06-30T00:00:00Z,0537-03-29T00:00:00Z,0555-06-07T00:00:00Z,36.7446954140999,54.9349760438056,18.1912568306011,,Rome,Italy,
60,Pelagius I,Pelagius,1,NA,0505-06-30T00:00:00Z,0556-04-16T00:00:00Z,0561-03-04T00:00:00Z,50.7953456536619,55.6769336071184,4.88219178082192,,Rome,Italy,
61,John III,John,3,NA,0520-06-30T00:00:00Z,0561-07-17T00:00:00Z,0574-07-13T00:00:00Z,41.0458590006845,54.0342231348392,12.9890410958904,Catelinus,"Rome, Eastern Roman Empire",Italy,Second Pope not to use his personal name. 
62,Benedict I,Benedict,1,NA,0525-06-30T00:00:00Z,0575-06-02T00:00:00Z,0579-07-30T00:00:00Z,49.9219712525667,54.0807665982204,4.15846994535519,,Rome,Italy,
63,Pelagius II,Pelagius,2,NA,0520-06-30T00:00:00Z,0579-11-26T00:00:00Z,0590-02-07T00:00:00Z,59.4058863791923,69.6071184120466,10.2,,Rome,Italy,
64,Gregory I,Gregory,1,Saint,0540-06-30T00:00:00Z,0590-09-03T00:00:00Z,0604-03-12T00:00:00Z,50.17659137577,63.6960985626283,13.5218579234973,,Rome,Italy,Great-great-grandson of pope Felix III.
65,Sabinian,Sabinian,1,NA,0530-06-30T00:00:00Z,0604-09-13T00:00:00Z,0606-02-22T00:00:00Z,74.2039698836413,75.64681724846,1.44383561643836,,Blera,Italy,
66,Boniface III,Boniface,3,NA,0540-06-30T00:00:00Z,0607-02-19T00:00:00Z,0607-11-12T00:00:00Z,66.6365503080082,67.3648186173854,0.728767123287671,,Rome,Italy,of Greek descent. 
67,Boniface IV,Boniface,4,Saint,0550-06-30T00:00:00Z,0608-09-15T00:00:00Z,0615-05-08T00:00:00Z,58.2094455852156,64.8514715947981,6.64383561643836,,Marsi,Italy,First Pope to bear the same name as his predecessor. Member of the Order of Saint Benedict.
68,Adeodatus I,Adeodatus,1,Saint,0570-06-30T00:00:00Z,0615-11-13T00:00:00Z,0618-11-08T00:00:00Z,45.3689253935661,48.3559206023272,2.98630136986301,,Rome,Italy,"The first pope to use lead seals on papal documents, which in time came to be called papal bulls. "
69,Boniface V,Boniface,5,NA,0575-06-30T00:00:00Z,0619-12-23T00:00:00Z,0625-10-25T00:00:00Z,44.4791238877481,50.3189596167009,5.83835616438356,,Naples,Italy,
70,Honorius I,Honorius,1,NA,0585-06-30T00:00:00Z,0625-10-27T00:00:00Z,0638-10-12T00:00:00Z,40.3230663928816,53.2813141683778,12.958904109589,,"Campania, Byzantine Empire",Italy,
71,Severinus,Severinus,1,NA,0585-06-30T00:00:00Z,0640-05-28T00:00:00Z,0640-08-02T00:00:00Z,54.9075975359343,55.088295687885,0.180821917808219,,Rome,Italy,
72,John IV,John,4,NA,0587-06-30T00:00:00Z,0640-12-24T00:00:00Z,0642-10-12T00:00:00Z,53.4839151266256,55.2826830937714,1.8,,"Iadera, Dalmatia","Zadar, Croatia",
73,Theodore I,Theodore,1,NA,0610-06-30T00:00:00Z,0642-11-24T00:00:00Z,0649-05-14T00:00:00Z,32.4024640657084,38.8720054757016,6.46849315068493,,Jerusalem,Israel,of Greek ethnicity. The last pope from Palestine. the only pope to have been a native of Jerusalem.
74,Martin I,Martin,1,Saint,0590-06-30T00:00:00Z,0649-07-05T00:00:00Z,0655-11-12T00:00:00Z,59.0116358658453,65.3661875427789,6.3551912568306,,"Near Todi, Umbria, Byzantine Empire",Italy,Last pope recognized as a martyr. 
75,Eugene I,Eugene,1,Saint,0615-06-30T00:00:00Z,0654-08-10T00:00:00Z,0657-06-02T00:00:00Z,39.1129363449692,41.9247091033539,2.81095890410959,,Rome,Italy,
76,Vitalian,Vitalian,1,Saint,0600-06-30T00:00:00Z,0657-07-30T00:00:00Z,0672-01-27T00:00:00Z,57.0814510609172,71.5756331279945,14.4945355191257,,"Segni, Byzantine Empire",Italy,
77,Adeodatus II,Adeodatus,2,NA,0621-06-30T00:00:00Z,0672-04-11T00:00:00Z,0676-06-17T00:00:00Z,50.7816563997262,54.9650924024641,4.18356164383562,,"Rome, Byzantine Empire",Italy,
78,Donus,Donus,1,NA,0610-06-30T00:00:00Z,0676-11-02T00:00:00Z,0678-04-11T00:00:00Z,66.3436002737851,67.7809719370294,1.43835616438356,,"Rome, Byzantine Empire",Italy,
79,Agatho,Agatho,1,Saint,0577-06-30T00:00:00Z,0678-06-27T00:00:00Z,0681-01-10T00:00:00Z,100.988364134155,103.529089664613,2.53972602739726,,Sicily,Italy,of Greek ethnicity.
80,Leo II,Leo,2,Saint,0611-06-30T00:00:00Z,0682-08-17T00:00:00Z,0683-07-03T00:00:00Z,71.1321013004791,72.0082135523614,0.876712328767123,,Sicily,Italy,of Greek ethnicity.
81,Benedict II,Benedict,2,Saint,0635-06-30T00:00:00Z,0684-06-26T00:00:00Z,0685-05-08T00:00:00Z,48.9911019849418,49.8562628336756,0.865753424657534,,"Rome, Byzantine Empire",Italy,
82,John V,John,5,NA,0635-06-30T00:00:00Z,0685-07-23T00:00:00Z,0686-08-02T00:00:00Z,50.0643394934976,51.0910335386721,1.02739726027397,,"Antiochia, Syria",Syria or Turkey,of Syrian or Greek ethnicity. 
83,Conon,Conon,1,NA,0630-06-30T00:00:00Z,0686-10-21T00:00:00Z,0687-09-21T00:00:00Z,56.3093771389459,57.2265571526352,0.917808219178082,,Thracia,"Turkey, Greece or Bulgaria",of Greek ethnicity. 
84,Sergius I,Sergius,1,Saint,0650-06-30T00:00:00Z,0687-12-15T00:00:00Z,0701-09-08T00:00:00Z,37.4592744695414,51.1895961670089,13.7315068493151,,"Sicily or Antiochia, Syria","Italy or Syria, Turkey",Hellenized Syrian
85,John VI,John,6,NA,0650-06-30T00:00:00Z,0701-10-30T00:00:00Z,0705-01-11T00:00:00Z,51.3319644079398,54.5325119780972,3.2,,"Ephesus, Eastern Roman Empire",Turkey,of Greek ethnicity. The only pope who came from Asia Minor. 
86,John VII,John,7,NA,0655-06-30T00:00:00Z,0705-03-01T00:00:00Z,0707-10-18T00:00:00Z,49.6673511293634,52.2984257357974,2.63114754098361,,Calabria,Italy,of Greek ethnicity. The second pope to bear the same name as his immediate predecessor. 
87,Sisinnius,Sisinnius,1,NA,0650-06-30T00:00:00Z,0708-01-15T00:00:00Z,0708-02-04T00:00:00Z,57.5414099931554,57.596167008898,0.0546448087431694,,"Syria, Rashidun Caliphate",Syria,Born as subject of the Rashidun Caliphate. Was Syrian.
88,Constantine,Constantine,1,NA,0664-06-30T00:00:00Z,0708-03-25T00:00:00Z,0715-04-09T00:00:00Z,43.7316906228611,50.7707049965777,7.04098360655738,,Syria,Syria,Last pope to visit Greece until John Paul II in 2001
89,Gregory II,Gregory,2,Saint,0669-06-30T00:00:00Z,0715-05-19T00:00:00Z,0731-02-11T00:00:00Z,45.8809034907598,61.6153319644079,15.7342465753425,,"Rome, Byzantine Empire",Italy,
90,Gregory III,Gregory,3,Saint,0669-06-30T00:00:00Z,0731-03-18T00:00:00Z,0741-11-28T00:00:00Z,61.7111567419576,72.4106776180698,10.6986301369863,,"Syria, Umayyad Caliphate",Syria,Born as subject of the Umayyad Caliphate; the last pope from Syria. The third pope to come from a Muslim country. The third pope to bear the same name as his immediate predecessor. Last pope to have been born outside Europe until the election of Francis in 2013. 
91,Zachary,Zachary,1,Saint,0679-06-30T00:00:00Z,0741-12-03T00:00:00Z,0752-03-22T00:00:00Z,62.425735797399,72.72553045859,10.3005464480874,,Calabria,Italy,of Greek ethnicity.
92,Stephen II,Stephen,2,Saint,0714-06-30T00:00:00Z,0752-03-26T00:00:00Z,0757-04-26T00:00:00Z,37.7385352498289,42.8227241615332,5.08493150684932,,Rome,Italy,later the sovereign of the independent Papal States. Sometimes called Stephen III. The Donation of Pepin. Brother of Paul I. 
93,Paul I,Paul,1,Saint,0700-06-30T00:00:00Z,0757-05-29T00:00:00Z,0767-06-28T00:00:00Z,56.911704312115,66.9924709103354,10.0819672131148,,Rome,Italy,Brother of Stephen II.
94,Stephen III,Stephen,3,Saint,0723-06-30T00:00:00Z,0768-08-07T00:00:00Z,0772-01-24T00:00:00Z,45.1060917180014,48.5694729637235,3.46448087431694,,Sicily,Italy,of Greek ethnicity
95,Adrian I,Adrian,1,NA,0700-06-30T00:00:00Z,0772-02-01T00:00:00Z,0795-12-26T00:00:00Z,71.5893223819302,95.4880219028063,23.8986301369863,,Rome,Italy,
96,Leo III,Leo,3,Saint,0750-06-30T00:00:00Z,0795-12-26T00:00:00Z,0816-06-12T00:00:00Z,45.4893908281999,65.9520876112252,20.4617486338798,,Rome,Italy,
97,Stephen IV,Stephen,4,Saint,0770-06-30T00:00:00Z,0816-06-22T00:00:00Z,0817-01-24T00:00:00Z,45.9794661190965,46.570841889117,0.591780821917808,,"Rome, Papal States",Italy,
98,Paschal I,Paschal,1,Saint,0775-06-30T00:00:00Z,0817-01-25T00:00:00Z,0824-02-11T00:00:00Z,41.574264202601,48.6187542778919,7.04644808743169,,Rome,Italy,
99,Eugene II,Eugene,2,NA,0780-06-30T00:00:00Z,0824-05-08T00:00:00Z,0827-08-27T00:00:00Z,43.854893908282,47.1567419575633,3.30327868852459,,Rome,Italy,
100,Valentine,Valentine,1,NA,0780-06-30T00:00:00Z,0827-08-31T00:00:00Z,0827-10-10T00:00:00Z,47.1676933607118,47.2772073921971,0.109289617486339,,Rome,Italy,
101,Gregory IV,Gregory,4,NA,0790-06-30T00:00:00Z,0827-12-20T00:00:00Z,0844-01-25T00:00:00Z,37.4729637234771,53.5715263518138,16.0983606557377,,Rome,Italy,
102,Sergius II,Sergius,2,NA,0790-06-30T00:00:00Z,0844-01-25T00:00:00Z,0847-01-27T00:00:00Z,53.5715263518138,56.5776865160849,3.00547945205479,,Rome,Italy,
103,Leo IV,Leo,4,Saint,0790-06-30T00:00:00Z,0847-04-10T00:00:00Z,0855-07-17T00:00:00Z,56.7775496235455,65.0458590006845,8.26775956284153,,Rome,Italy,
104,Benedict III,Benedict,3,NA,0810-06-30T00:00:00Z,0855-09-29T00:00:00Z,0858-04-17T00:00:00Z,45.2484599589322,47.7973990417522,2.54794520547945,,Rome,Italy,
105,Nicholas I,Nicholas,1,Saint,0800-06-30T00:00:00Z,0858-04-24T00:00:00Z,0867-11-13T00:00:00Z,57.8151950718686,67.3702943189596,9.55464480874317,,Rome,Italy,
106,Adrian II,Adrian,2,NA,0792-06-30T00:00:00Z,0867-12-14T00:00:00Z,0872-12-14T00:00:00Z,75.4551676933607,80.4572210814511,5,,Rome,Italy,
107,John VIII,John,8,NA,0820-06-30T00:00:00Z,0872-12-14T00:00:00Z,0882-12-16T00:00:00Z,52.4572210814511,62.4613278576318,10.0054794520548,,Rome,Italy,First pope to be assassinated. 
108,Marinus I,Marinus,1,NA,0830-06-30T00:00:00Z,0882-12-16T00:00:00Z,0884-05-15T00:00:00Z,52.4626967830253,53.8754277891855,1.41256830601093,,"Gallese, Papal States",Italy,Erroneously also known as Martin II. 
109,Adrian III,Adrian,3,Saint,0830-06-30T00:00:00Z,0884-05-17T00:00:00Z,0885-09-15T00:00:00Z,53.8809034907598,55.211498973306,1.33150684931507,,Rome,Italy,Adrian I was possibly his ancestor. 
110,Stephen V,Stephen,5,Saint,0840-06-30T00:00:00Z,0885-09-14T00:00:00Z,0891-09-04T00:00:00Z,45.2073921971253,51.1786447638604,5.97260273972603,,Rome,Italy,
111,Formosus,Formosus,1,NA,0805-06-30T00:00:00Z,0891-10-06T00:00:00Z,0896-04-04T00:00:00Z,86.2669404517454,90.7624914442163,4.49453551912568,,"Ostia, Papal States",Italy,In early 897 posthumously executed following the Cadaver Synod. His body was reburied with full Christian honours in 897. 
112,Boniface VI,Boniface,6,NA,0806-06-30T00:00:00Z,0896-04-11T00:00:00Z,0896-04-26T00:00:00Z,89.782340862423,89.82340862423,0.0410958904109589,,Rome,Italy,
113,Stephen VI,Stephen,6,Saint,0850-06-30T00:00:00Z,0896-05-22T00:00:00Z,0897-08-14T00:00:00Z,45.8945927446954,47.1238877481177,1.23013698630137,,Rome,Italy,Held the infamous Cadaver Synod. 
114,Romanus,Romanus,1,NA,0850-06-30T00:00:00Z,0897-08-14T00:00:00Z,0897-11-01T00:00:00Z,47.1238877481177,47.3401779603012,0.216438356164384,,"Gallese, Papal States",Italy,
115,Theodore II,Theodore,2,NA,0840-06-30T00:00:00Z,0897-12-01T00:00:00Z,0897-12-20T00:00:00Z,57.4209445585216,57.4729637234771,0.0520547945205479,,Rome,Italy,
116,John IX,John,9,NA,0840-06-30T00:00:00Z,0898-01-18T00:00:00Z,0900-01-05T00:00:00Z,57.5523613963039,59.5154004106776,1.96438356164384,,Tivoli,Italy,
117,Benedict IV,Benedict,4,NA,0840-06-30T00:00:00Z,0900-02-01T00:00:00Z,0903-07-30T00:00:00Z,59.5893223819302,63.0773442847365,3.49041095890411,,Rome,Italy,
118,Leo V,Leo,5,NA,0845-06-30T00:00:00Z,0903-07-30T00:00:00Z,0903-12-01T00:00:00Z,58.0780287474333,58.4175222450376,0.33879781420765,,Ardea,Italy,Deposed and murdered. 
119,Sergius III,Sergius,3,NA,0860-06-30T00:00:00Z,0904-01-29T00:00:00Z,0911-04-14T00:00:00Z,43.5783709787817,50.7843942505133,7.2054794520548,,Rome,Italy,"""Saeculum obscurum"" begins. The first pope to be depicted with the Papal Tiara. "
120,Anastasius III,Anastasius,3,NA,0865-06-30T00:00:00Z,0911-04-14T00:00:00Z,0913-06-01T00:00:00Z,45.7850787132101,47.917864476386,2.13150684931507,,Rome,Italy,
121,Lando,Lando,1,NA,0865-06-30T00:00:00Z,0913-07-07T00:00:00Z,0914-02-05T00:00:00Z,48.0164271047228,48.5995893223819,0.583561643835617,,"Sabina, Papal States",Italy,Last to use a new and non-composed regnal name until Francis (2013-) 
122,John X,John,10,NA,0860-06-30T00:00:00Z,0914-03-01T00:00:00Z,0928-05-28T00:00:00Z,53.6646132785763,67.9069130732375,14.241095890411,,"Tossignano, Papal States",Italy,
123,Leo VI,Leo,6,NA,0880-06-30T00:00:00Z,0928-05-28T00:00:00Z,0928-12-01T00:00:00Z,47.9069130732375,48.4188911704312,0.512328767123288,,Rome,Italy,
124,Stephen VII,Stephen,7,Saint,0880-06-30T00:00:00Z,0929-02-03T00:00:00Z,0931-02-13T00:00:00Z,48.5941136208077,50.6201232032854,2.02739726027397,,Rome,Italy,
125,John XI,John,11,NA,0910-06-30T00:00:00Z,0931-03-15T00:00:00Z,0935-12-01T00:00:00Z,20.7063655030801,25.4209445585216,4.71311475409836,,Rome,Italy,"Probably, according to the Liber Pontificalis and Liutprand of Cremona, the son of Pope Sergius III, and not of Alberic I of Spoleto, who was Marozia's husband. "
126,Leo VII,Leo,7,NA,0885-06-30T00:00:00Z,0936-01-03T00:00:00Z,0939-07-13T00:00:00Z,50.507871321013,54.031485284052,3.52328767123288,,Rome,Italy,
127,Stephen VIII,Stephen,8,Saint,0900-06-30T00:00:00Z,0939-07-14T00:00:00Z,0942-10-30T00:00:00Z,39.0362765229295,42.3326488706366,3.2958904109589,,Rome,Italy,
128,Marinus II,Marinus,2,NA,0900-06-30T00:00:00Z,0942-10-30T00:00:00Z,0946-05-01T00:00:00Z,42.3326488706366,45.8343600273785,3.5013698630137,,Rome,Italy,Erroneously also known as Martin III. 
129,Agapetus II,Agapetus,2,NA,0905-06-30T00:00:00Z,0946-05-10T00:00:00Z,0955-11-08T00:00:00Z,40.8596851471595,50.3572895277207,9.49726775956284,,Rome,Italy,
130,John XII,John,12,NA,0930-06-30T00:00:00Z,0955-12-16T00:00:00Z,0963-12-06T00:00:00Z,25.4620123203285,33.4346338124572,7.97260273972603,Octavian,Rome,Italy,"Third pope not to use his personal name (Octavian). Deposed in 963 by Emperor Otto invalidly; end of the ""Saeculum obscurum"". "
130,John XII,John,12,NA,0937-06-30T00:00:00Z,0964-02-26T00:00:00Z,0964-05-14T00:00:00Z,26.6584531143053,26.8720054757016,0.213114754098361,Octavian,Rome,Italy,Possibly murdered in 964. 
131,Benedict V,Benedict,5,NA,0915-06-30T00:00:00Z,0964-05-22T00:00:00Z,0964-06-23T00:00:00Z,48.8952772073922,48.9828884325804,0.0876712328767123,,Rome,Italy,"Elected by the people of Rome, in opposition to Leo VIII who was appointed by Emperor Otto; he accepted his own deposition in 964 leaving Leo VIII as the sole pope. "
132,Leo VIII,Leo,8,NA,0915-06-30T00:00:00Z,0964-06-23T00:00:00Z,0965-03-01T00:00:00Z,48.9828884325804,49.6700889801506,0.687671232876712,,Rome,Italy,His pontificate from 963 to 964 is considered illegitimate by today's Catholic Church
133,John XIII,John,13,NA,0930-06-30T00:00:00Z,0965-10-01T00:00:00Z,0972-09-06T00:00:00Z,35.2553045859001,42.1875427789186,6.93169398907104,,Rome,Italy,"Chronicled after his death as ""the Good"". "
134,Benedict VI,Benedict,6,NA,0925-06-30T00:00:00Z,0973-01-19T00:00:00Z,0974-06-08T00:00:00Z,47.5564681724846,48.9390828199863,1.38356164383562,,Rome,Italy,Deposed and murdered. 
135,Benedict VII,Benedict,7,NA,0930-06-30T00:00:00Z,0974-10-01T00:00:00Z,0983-07-10T00:00:00Z,44.2546201232033,53.0266940451745,8.77260273972603,,Rome,Italy,
136,John XIV,John,14,NA,0940-06-30T00:00:00Z,0983-12-01T00:00:00Z,0984-08-20T00:00:00Z,43.419575633128,44.1396303901437,0.718579234972678,Pietro Canepanova,Pavia,Italy,Fourth pope not to use his personal name.
137,John XV,John,15,NA,0950-06-30T00:00:00Z,0985-08-20T00:00:00Z,0996-04-01T00:00:00Z,35.1403148528405,45.7549623545517,10.6147540983607, ,Rome,Italy,The first pope to formally canonize a saint. 
138,Gregory V,Gregory,5,NA,0972-06-30T00:00:00Z,0996-05-03T00:00:00Z,0999-02-18T00:00:00Z,23.8412046543463,26.6365503080082,2.7972602739726,Bruno of Carinthia,"Germany, Holy Roman Empire",Austria,"the first official German pope and fifth not to use his personal name (Bruno). Henceforth, this decision became tradition among future popes. "
139,Sylvester II,Sylvester,2,NA,0940-06-30T00:00:00Z,0999-04-02T00:00:00Z,1003-05-12T00:00:00Z,58.7542778918549,62.861054072553,4.10928961748634,Gerbert d'Aurillac,Belliac or Auvergne in France,France,the first French (Occitan) pope. He is said to be the first in Christian Europe (outside of Al-Andalus) to introduce the decimal numeral system using the Hindu-Arabic numeral system. 
140,John XVII,John,17,NA,0955-06-30T00:00:00Z,1003-05-16T00:00:00Z,1003-11-06T00:00:00Z,47.8740588637919,48.3504449007529,0.475409836065574,Giovanni Sicco ,"Rome, Papal States",Italy,
141,John XVIII,John,18,NA,0965-06-30T00:00:00Z,1003-12-25T00:00:00Z,1009-07-18T00:00:00Z,38.4832306639288,44.0465434633813,5.56164383561644,Giovanni Fasano,"Rapagnano, Papal States",Italy,First pope born after the Papal States became a state of the Holy Roman Empire in 962.
142,Sergius IV,Sergius,4,NA,0970-06-30T00:00:00Z,1009-07-31T00:00:00Z,1012-05-12T00:00:00Z,39.0828199863107,41.864476386037,2.78142076502732,Pietro Martino Boccadiporco,"Rome, Papal States, Holy Roman Empire",Italy,
143,Benedict VIII,Benedict,8,NA,0980-06-30T00:00:00Z,1012-05-18T00:00:00Z,1024-04-09T00:00:00Z,31.8795345653662,43.772758384668,11.8934426229508,"Theophylactus II, Conti di Tusculum","Rome, Papal States, Holy Roman Empire",Italy,Brother of John XIX
144,John XIX,John,19,NA,0975-06-30T00:00:00Z,1024-05-14T00:00:00Z,1032-10-06T00:00:00Z,48.870636550308,57.2676249144422,8.3972602739726,"Romanus, Conti di Tusculum","Rome, Papal States, Holy Roman Empire",Italy,Brother of Benedict VIII. 
145,Benedict IX,Benedict,9,NA,NA,1032-10-21T00:00:00Z,1044-12-31T00:00:00Z,NA,NA,12.1945205479452,"Theophylactus III, Conti di Tusculum","Rome, Papal States, Holy Roman Empire",Italy,first term. 
146,Sylvester III,Sylvester,3,NA,1000-06-30T00:00:00Z,1045-01-13T00:00:00Z,1045-03-10T00:00:00Z,44.539356605065,44.6926762491444,0.153424657534247,Giovanni dei Crescenzi Ottaviani ,"Rome, Papal States, Holy Roman Empire",Italy,Validity of election questioned; considered antipope; deposed at the Council of Sutri. 
147,Benedict IX,Benedict,9,NA,NA,1045-03-10T00:00:00Z,1045-05-01T00:00:00Z,NA,NA,0.142465753424658,"Theophylactus III, Conti di Tusculum","Rome, Papal States, Holy Roman Empire",Italy,Second term; deposed at the Council of Sutri. 
148,Gregory VI,Gregory,6,NA,1000-06-30T00:00:00Z,1045-05-05T00:00:00Z,1046-12-20T00:00:00Z,44.8459958932238,46.4722792607803,1.62739726027397,Giovanni Graziano Pierleoni,"Rome, Papal States, Holy Roman Empire",Italy,Deposed at the Council of Sutri. 
149,Clement II,Clement,2,NA,0967-06-30T00:00:00Z,1046-12-24T00:00:00Z,1047-10-09T00:00:00Z,79.482546201232,80.2737850787132,0.791780821917808,Suidger von Morsleben-Hornburg ,"Hornburg, Duchy of Saxony, Holy Roman Empire",Germany,
150,Benedict IX,Benedict,9,NA,1012-06-30T00:00:00Z,1047-11-08T00:00:00Z,1048-07-17T00:00:00Z,35.356605065024,36.0465434633813,0.688524590163934,"Theophylactus III, Conti di Tusculum","Rome, Papal States, Holy Roman Empire",Italy,Third term; deposed and excommunicated. 
151,Damasus II,Damasus,2,NA,1000-06-30T00:00:00Z,1048-07-17T00:00:00Z,1048-08-09T00:00:00Z,48.0465434633813,48.1095140314853,0.063013698630137,Poppo de Curagnoni ,"Pildenau, Duchy of Bavaria, Holy Roman Empire",Germany,
152,Leo IX,Leo,9,Saint,1002-07-21T00:00:00Z,1049-02-12T00:00:00Z,1054-04-19T00:00:00Z,46.5653661875428,51.7453798767967,5.18082191780822,Bruno von Egisheim-Dagsburg,"Eguisheim, Swabia, Holy Roman Empire",France,
153,Victor II,Victor,2,NA,1018-06-30T00:00:00Z,1055-04-13T00:00:00Z,1057-07-28T00:00:00Z,36.7857631759069,39.0773442847365,2.29041095890411,Gebhard II von Calw-Dollnstein-Hirschberg,"Kingdom of Germany, Holy Roman Empire",Germany,
154,Stephen IX,Stephen,9,Saint,1020-06-30T00:00:00Z,1057-08-02T00:00:00Z,1058-03-29T00:00:00Z,37.0896646132786,37.7440109514032,0.654794520547945,Frederic de Lorraine,"Duchy of Lorraine, Holy Roman Empire",France,
155,Nicholas II,Nicholas,2,NA,0980-06-30T00:00:00Z,1058-12-06T00:00:00Z,1061-07-27T00:00:00Z,78.4312114989733,81.0704996577687,2.63835616438356,Gerald de Bourgogne,"Chateau de Chevron, Kingdom of Arles",France,
156,Alexander II,Alexander,2,NA,1018-06-30T00:00:00Z,1061-09-30T00:00:00Z,1073-04-21T00:00:00Z,43.2525667351129,54.8090349075975,11.5561643835616,Anselmo da Baggio,"Milan, Italy, Holy Roman Empire",Italy,
157,Gregory VII,Gregory,7,Saint,1015-06-30T00:00:00Z,1073-04-22T00:00:00Z,1085-05-25T00:00:00Z,57.8124572210815,69.9028062970568,12.0904109589041,Ildebrando Aldobrandeschi di Soana,"Sovana, Italy, Holy Roman Empire",Italy,
158,Victor III,Victor,3,Blessed,1026-06-30T00:00:00Z,1086-05-24T00:00:00Z,1087-09-16T00:00:00Z,59.8986995208761,61.2128678986995,1.31420765027322,"Dauferio Epifani Del Zotto (Desiderio, Desiderius, Dauferius )","Benevento, Duchy of Benevento",Italy,
159,Urban II,Urban,2,Blessed,1042-06-30T00:00:00Z,1088-03-12T00:00:00Z,1099-07-29T00:00:00Z,45.700205338809,57.0787132101301,11.3808219178082,Odon de Lagery,"Lagery, County of Champagne, France",France,
160,Paschal II,Paschal,2,NA,1050-06-30T00:00:00Z,1099-08-13T00:00:00Z,1118-01-21T00:00:00Z,49.119780971937,67.5592060232717,18.441095890411,Rainero Ranieri,"Bleda, Papal States, Holy Roman Empire",Italy,
161,Gelasius II,Gelasius,2,NA,1061-06-30T00:00:00Z,1118-01-24T00:00:00Z,1119-01-29T00:00:00Z,56.5667351129363,57.5797399041752,1.01369863013699,Giovanni Caetani,"Gaeta, Principality of Capua",Italy,
162,Callixtus II,Callixtus,2,NA,1060-06-30T00:00:00Z,1119-02-02T00:00:00Z,1124-12-13T00:00:00Z,58.590006844627,64.4517453798768,5.86065573770492,"Guido, Comte de Bourgogne","Quingey, County of Burgundy, Holy Roman Empire",France,of French ethnicity. 
163,Honorius II,Honorius,2,NA,1060-02-09T00:00:00Z,1124-12-21T00:00:00Z,1130-02-13T00:00:00Z,64.8624229979466,70.009582477755,5.14794520547945,Lamberto Scannabecchi da Fiagnano,"Fiagnano, Papal States, Holy Roman Empire",Italy,
164,Innocent II,Innocent,2,NA,1082-06-30T00:00:00Z,1130-02-14T00:00:00Z,1143-09-24T00:00:00Z,47.6249144421629,61.2320328542094,13.6082191780822,Gregorio Papareschi,"Rome, Papal States, Holy Roman Empire",Italy,
165,Celestine II,Celestine,2,NA,1085-06-30T00:00:00Z,1143-09-26T00:00:00Z,1144-03-08T00:00:00Z,58.2368240930869,58.6858316221766,0.448087431693989,Guido Guelfuccio de Castello ,"Citta di Castello, Papal States, Holy Roman Empire",Italy,
166,Lucius II,Lucius,2,NA,1079-06-30T00:00:00Z,1144-03-12T00:00:00Z,1145-02-15T00:00:00Z,64.6981519507187,65.6290212183436,0.931506849315068,Gherardo Caccianemici dall'Orso,"Bologna, Papal States, Holy Roman Empire",Italy,
167,Eugene III,Eugene,3,Blessed,1080-06-30T00:00:00Z,1145-02-15T00:00:00Z,1153-07-08T00:00:00Z,64.6269678302533,73.0184804928131,8.39178082191781,Pietro dei Paganelli di Montemagno,"Pisa, Republic of Pisa, Holy Roman Empire",Italy,
168,Anastasius IV,Anastasius,4,NA,1073-06-30T00:00:00Z,1153-07-12T00:00:00Z,1154-12-03T00:00:00Z,80.0301163586585,81.4236824093087,1.39452054794521,Corrado Demetri della Suburra,"Rome, Papal States, Holy Roman Empire",Italy,
169,Adrian IV,Adrian,4,NA,1100-06-30T00:00:00Z,1154-12-04T00:00:00Z,1159-09-01T00:00:00Z,54.4284736481862,59.170431211499,4.74246575342466,Nicholas Breakspear,"Abbots Langley, Hertfordshire, Kingdom of England",United Kingdom,The only English (Anglo-Saxon) pope
170,Alexander III,Alexander,3,NA,1100-06-30T00:00:00Z,1159-09-07T00:00:00Z,1181-08-30T00:00:00Z,59.1868583162218,81.1663244353183,21.9780821917808,Rolando Bandinelli ,"Siena, Italy, Holy Roman Empire",Italy,
171,Lucius III,Lucius,3,NA,1097-06-30T00:00:00Z,1181-09-01T00:00:00Z,1185-11-25T00:00:00Z,84.1697467488022,88.4024640657084,4.23287671232877,Ubaldo Allucignoli,"Lucca, Italy, Holy Roman Empire",Italy,
172,Urban III,Urban,3,NA,1120-06-30T00:00:00Z,1185-11-25T00:00:00Z,1187-10-20T00:00:00Z,65.4045174537988,67.3045859000685,1.9013698630137,Uberto Crivelli,"Cuggiono, Italy, Holy Roman Empire",Italy,
173,Gregory VIII,Gregory,8,NA,1100-06-30T00:00:00Z,1187-10-21T00:00:00Z,1187-12-17T00:00:00Z,87.3073237508556,87.4633812457221,0.155737704918033,Alberto di Morra,"Benevento, Papal States, Holy Roman Empire",Italy,
174,Clement III,Clement,3,NA,1130-06-30T00:00:00Z,1187-12-19T00:00:00Z,1191-03-20T00:00:00Z,57.4702258726899,60.7200547570157,3.24931506849315,Paolo Scolari,"Rome, Papal States, Holy Roman Empire",Italy,
175,Celestine III,Celestine,3,NA,1106-06-30T00:00:00Z,1191-03-30T00:00:00Z,1198-01-08T00:00:00Z,84.7474332648871,91.5263518138262,6.77808219178082,Giacinto Bobone Orsini,"Rome, Papal States, Holy Roman Empire",Italy,
176,Innocent III,Innocent,3,NA,1161-06-30T00:00:00Z,1198-01-08T00:00:00Z,1216-07-16T00:00:00Z,36.5256673511294,55.0444900752909,18.5191256830601,Lothario dei Conti di Segni,"Gavignano, Papal States, Holy Roman Empire",Italy,
177,Honorius III,Honorius,3,NA,1148-06-30T00:00:00Z,1216-07-18T00:00:00Z,1227-03-18T00:00:00Z,68.0492813141684,78.7132101300479,10.6657534246575,Cencio Savelli,"Rome, Papal States, Holy Roman Empire",Italy,
178,Gregory IX,Gregory,9,NA,1145-06-30T00:00:00Z,1227-03-19T00:00:00Z,1241-08-22T00:00:00Z,81.7166324435318,96.145106091718,14.427397260274,Ugolino dei Conti di Segni,"Anagni, Papal States, Holy Roman Empire",Italy,
179,Celestine IV,Celestine,4,NA,1180-06-30T00:00:00Z,1241-10-25T00:00:00Z,1241-11-10T00:00:00Z,61.3196440793977,61.3634496919918,0.0438356164383562,Goffredo Castiglioni,"Milan, Italy, Holy Roman Empire",Italy,Died before coronation. 
180,Innocent IV,Innocent,4,NA,1195-06-30T00:00:00Z,1243-06-25T00:00:00Z,1254-12-07T00:00:00Z,47.9863107460643,59.4387405886379,11.4520547945205,Sinibaldo Fieschi,"Genoa, Republic of Genoa, Holy Roman Empire",Italy,
181,Alexander IV,Alexander,4,NA,1199-06-30T00:00:00Z,1254-12-12T00:00:00Z,1261-05-25T00:00:00Z,55.4524298425736,61.9028062970568,6.44931506849315,Rinaldo dei Conti di Jenne,"Jenne, Papal States, Holy Roman Empire",Italy,First pope born after the Papal States ceased to be a state of the Holy Roman Empire.
182,Urban IV,Urban,4,NA,1195-06-30T00:00:00Z,1261-08-29T00:00:00Z,1264-10-02T00:00:00Z,66.1656399726215,69.2594113620808,3.09315068493151,Jacques Pantaleon,"Troyes, County of Champagne, France",France,
183,Clement IV,Clement,4,NA,1190-11-23T00:00:00Z,1265-02-05T00:00:00Z,1268-11-29T00:00:00Z,74.2039698836413,78.0177960301164,3.81420765027322,Gui Faucoi,"Saint-Gilles, Languedoc, France",France,
184,Gregory X,Gregory,10,Blessed,1210-06-30T00:00:00Z,1271-09-01T00:00:00Z,1276-01-10T00:00:00Z,61.1718001368925,65.5304585900068,4.35792349726776,Tebaldo Visconti,"Piacenza, Italy, Holy Roman Empire",Italy,
185,Innocent V,Innocent,5,Blessed,1224-06-30T00:00:00Z,1276-01-21T00:00:00Z,1276-06-22T00:00:00Z,51.5592060232717,51.9780971937029,0.418032786885246,Pierre de Tarentaise,"County of Savoy, Holy Roman Empire",Italy,of French ethnicity. 
186,Adrian V,Adrian,5,NA,1216-06-30T00:00:00Z,1276-07-11T00:00:00Z,1276-08-18T00:00:00Z,60.0301163586585,60.1341546885695,0.104109589041096,Ottobuono Fieschi,"Genoa, Republic of Genoa, Holy Roman Empire",Italy,
187,John XXI,John,21,NA,1215-06-30T00:00:00Z,1276-09-08T00:00:00Z,1277-05-20T00:00:00Z,61.1937029431896,61.8891170431211,0.695890410958904,Pedro Julião (a.k.a. Petrus Hispanus and Pedro Hispano) ,"Lisbon, Portugal",Portugal,"Due to a confusion over the numbering of popes named John in the 13th century, the ordinal XX was skipped. "
188,Nicholas III,Nicholas,3,NA,1216-06-30T00:00:00Z,1277-11-25T00:00:00Z,1280-08-22T00:00:00Z,61.4045174537988,64.145106091718,2.74043715846995,Giovanni Gaetano Orsini,"Rome, Papal States, Holy Roman Empire",Italy,
189,Martin IV,Martin,4,NA,1210-06-30T00:00:00Z,1281-02-22T00:00:00Z,1285-03-28T00:00:00Z,70.6502395619439,74.7433264887064,4.09315068493151,Simon de Brion,"Meinpicien, Touraine, France",France,
190,Honorius IV,Honorius,4,NA,1210-06-30T00:00:00Z,1285-04-02T00:00:00Z,1287-04-03T00:00:00Z,74.757015742642,76.7583846680356,2.00273224043716,Giacomo Savelli,"Rome, Papal States, Holy Roman Empire",Italy,
191,Nicholas IV,Nicholas,4,NA,1227-09-30T00:00:00Z,1288-02-22T00:00:00Z,1292-04-04T00:00:00Z,60.3969883641342,64.5119780971937,4.11475409836066,Girolamo Masci,"Lisciano, Papal States, Holy Roman Empire",Italy,
192,Celestine V,Celestine,5,Saint,NA,1294-07-05T00:00:00Z,1294-12-13T00:00:00Z,NA,NA,0.441095890410959,Pietro da Morrone or Pietro Angelerio,"Sant' Angelo Limosano, Kingdom of Sicily",Italy,Resigned from office and rumoured to have been murdered in prison by Boniface VIII. 
193,Boniface VIII,Boniface,8,NA,1230-06-30T00:00:00Z,1294-12-24T00:00:00Z,1303-10-11T00:00:00Z,64.4845995893224,73.2785763175907,8.7972602739726,Benedetto Caetani,"Anagni, Papal States, Holy Roman Empire",Italy,
194,Benedict XI,Benedict,11,Blessed,1240-06-30T00:00:00Z,1303-10-22T00:00:00Z,1304-07-07T00:00:00Z,63.3073237508556,64.0164271047228,0.707650273224044,Niccolo Boccasini,"Treviso, Italy, Holy Roman Empire",Italy,
195,Clement V,Clement,5,NA,1264-06-30T00:00:00Z,1305-06-05T00:00:00Z,1314-04-20T00:00:00Z,40.9281314168378,49.8015058179329,8.87397260273973,Raymond Bertrand de Gouth ,"Villandraut, Gascony, France",France,
196,John XXII,John,22,NA,1244-06-30T00:00:00Z,1316-08-07T00:00:00Z,1334-12-04T00:00:00Z,72.1013004791239,90.425735797399,18.3260273972603,Jacques d'Euse; Jacques Duèse,"Cahors, Quercy, France",France,
197,Benedict XII,Benedict,12,NA,1280-06-30T00:00:00Z,1334-12-20T00:00:00Z,1342-04-25T00:00:00Z,54.4695414099932,61.8151950718686,7.34520547945206,Jacques Fournier,"Saverdun, County of Foix, France",France,
198,Clement VI,Clement,6,NA,1291-06-30T00:00:00Z,1342-05-07T00:00:00Z,1352-12-06T00:00:00Z,50.8501026694045,61.4346338124572,10.5835616438356,Pierre Roger,"Maumont, Limousin, France",France,
199,Innocent VI,Innocent,6,NA,1282-06-30T00:00:00Z,1352-12-18T00:00:00Z,1362-09-12T00:00:00Z,70.466803559206,80.1998631074606,9.73424657534247,Etienne Aubert,"Les Monts, Limousin, France",France,
200,Urban V,Urban,5,Blessed,1309-06-30T00:00:00Z,1362-09-28T00:00:00Z,1370-12-19T00:00:00Z,53.2457221081451,61.4702258726899,8.22465753424658,Guillaume (de) Grimoard,"Grizac, Languedoc, France",France,
201,Gregory XI,Gregory,11,NA,1329-06-30T00:00:00Z,1370-12-30T00:00:00Z,1378-03-27T00:00:00Z,41.5003422313484,48.7392197125257,7.23835616438356,Pierre Roger de Beaufort,"Maumont, Limousin, France ",France,The last French pope. 
202,Urban VI,Urban,6,NA,1318-06-30T00:00:00Z,1378-04-08T00:00:00Z,1389-10-15T00:00:00Z,59.772758384668,71.2936344969199,11.5205479452055,Bartolomeo Prignano,"Naples, Kingdom of Naples",Italy,Last pontiff to be elected outside the College of Cardinals. 
203,Boniface IX,Boniface,9,NA,1348-06-30T00:00:00Z,1389-11-02T00:00:00Z,1404-10-01T00:00:00Z,41.3415468856947,56.2518822724162,14.9125683060109,Pietro Tomacelli Cybo,"Naples, Kingdom of Naples",Italy,
204,Innocent VII,Innocent,7,NA,1336-06-30T00:00:00Z,1404-10-17T00:00:00Z,1406-11-06T00:00:00Z,68.2956878850103,70.3490759753593,2.05479452054795,Cosimo Gentile Migliorati,"Sulmona, Kingdom of Naples",Italy,
205,Gregory XII,Gregory,12,NA,1327-06-30T00:00:00Z,1406-11-30T00:00:00Z,1415-07-04T00:00:00Z,79.4168377823409,88.0082135523614,8.59178082191781,Angelo Correr,"Venice, Republic of Venice",Italy,Abdicated. 
206,Martin V,Martin,5,NA,1369-06-30T00:00:00Z,1417-11-11T00:00:00Z,1431-02-20T00:00:00Z,48.3641341546886,61.6399726214921,13.2767123287671,Oddone Colonna,"Genazzano, Papal States",Italy,
207,Eugene IV,Eugene,4,NA,1383-06-30T00:00:00Z,1431-03-03T00:00:00Z,1447-02-23T00:00:00Z,47.6714579055441,63.6495550992471,15.9780821917808,Gabriele Condulmer,"Venice, Republic of Venice",Italy,Nephew of Gregory XII. 
208,Nicholas V,Nicholas,5,NA,1397-11-13T00:00:00Z,1447-03-06T00:00:00Z,1455-03-24T00:00:00Z,49.305954825462,57.3552361396304,8.04918032786885,Tommaso Parentucelli,"Sarzana, Republic of Genoa",Italy,
209,Callixtus III,Callixtus,3,NA,1378-12-31T00:00:00Z,1455-04-08T00:00:00Z,1458-08-06T00:00:00Z,76.2655715263518,79.5947980835044,3.32876712328767,Alfonso de Borja,"Xativa, Kingdom of Valencia, Crown of Aragon",Spain,The first Spanish (Valencian) pope.
210,Pius II,Pius,2,NA,1405-10-18T00:00:00Z,1458-08-19T00:00:00Z,1464-08-15T00:00:00Z,52.8350444900753,58.8254620123203,5.98907103825137,Enea Silvio Piccolomini,"Corsignano, Republic of Siena",Italy,
211,Paul II,Paul,2,NA,1417-02-23T00:00:00Z,1464-08-30T00:00:00Z,1471-07-26T00:00:00Z,47.5154004106776,54.4175222450376,6.9041095890411,Pietro Barbo,"Venice, Republic of Venice",Italy, The nephew of Eugene IV.
212,Sixtus IV,Sixtus,4,NA,1414-07-21T00:00:00Z,1471-08-09T00:00:00Z,1484-08-12T00:00:00Z,57.0513347022587,70.0616016427105,13.0082191780822,Francesco della Rovere,"Celle Ligure, Republic of Genoa",Italy,
213,Innocent VIII,Innocent,8,NA,1432-06-30T00:00:00Z,1484-08-29T00:00:00Z,1492-07-25T00:00:00Z,52.1642710472279,60.0684462696783,7.90437158469945,Giovanni Battista Cybo,"Genoa, Republic of Genoa",Italy,
214,Alexander VI,Alexander,6,NA,1431-01-01T00:00:00Z,1492-08-11T00:00:00Z,1503-08-18T00:00:00Z,61.6098562628337,72.6242299794661,11.0191256830601,Rodrigo de Lanzol-Borgia,"Xativa, Kingdom of Valencia, Crown of Aragon",Spain,"Nephew of Callixtus III, second Spanish pope"
215,Pius III,Pius,3,NA,1439-05-29T00:00:00Z,1503-09-22T00:00:00Z,1503-10-18T00:00:00Z,64.3148528405202,64.3860369609856,0.0710382513661202,Francesco Todeschini Piccolomini,"Siena, Republic of Siena",Italy,Nephew of Pius II. 
216,Julius II,Julius,2,NA,1443-12-05T00:00:00Z,1503-10-31T00:00:00Z,1513-02-21T00:00:00Z,59.9014373716632,69.2128678986995,9.30958904109589,Giuliano della Rovere,"Albisola, Republic of Genoa",Italy,Nephew of Sixtus IV
217,Leo X,Leo,10,NA,1475-12-11T00:00:00Z,1513-03-09T00:00:00Z,1521-12-01T00:00:00Z,37.2402464065708,45.9712525667351,8.73150684931507,Giovanni di Lorenzo de' Medici,"Florence, Republic of Florence",Italy,The last pope to not have been in priestly orders at the time of his election to the papacy. 
218,Adrian VI,Adrian,6,NA,1459-03-02T00:00:00Z,1522-01-09T00:00:00Z,1523-09-14T00:00:00Z,62.8555783709788,64.5338809034908,1.67945205479452,Adriaan Floriszoon Boeyens,"Utrecht, Bishopric of Utrecht, Holy Roman Empire (presently The Netherlands",Netherlands, The only Dutch pope; last non-Italian to be elected pope until John Paul II in 1978.
219,Clement VII,Clement,7,NA,1478-05-26T00:00:00Z,1523-11-26T00:00:00Z,1534-09-25T00:00:00Z,45.5003422313484,56.331279945243,10.8301369863014,Giulio di Giuliano de' Medici,"Florence, Republic of Florence",Italy,Cousin of Leo X. 
220,Paul III,Paul,3,NA,1468-02-29T00:00:00Z,1534-10-13T00:00:00Z,1549-11-10T00:00:00Z,66.6173853524983,81.6947296372348,15.0767123287671,Alessandro Farnese,"Canino, Lazio, Papal States",Italy,
221,Julius III,Julius,3,NA,1487-09-10T00:00:00Z,1550-02-07T00:00:00Z,1555-03-29T00:00:00Z,62.4093086926763,67.5455167693361,5.13698630136986,Giovanni Maria Ciocchi del Monte,"Rome, Papal States",Italy,
222,Marcellus II,Marcellus,2,NA,1501-05-06T00:00:00Z,1555-04-09T00:00:00Z,1555-05-01T00:00:00Z,53.9247091033539,53.9849418206708,0.0601092896174863,Marcello Cervini degli Spannochi,"Montefano, Marche, Papal States",Italy,The last to use his birth name as the regnal name.
223,Paul IV,Paul,4,NA,1476-06-28T00:00:00Z,1555-05-23T00:00:00Z,1559-08-18T00:00:00Z,78.8966461327858,83.1348391512663,4.23770491803279,Giovanni Pietro Carafa,"Capriglia Irpina, Campania, Kingdom of Naples",Italy,
224,Pius IV,Pius,4,NA,1499-03-31T00:00:00Z,1559-12-26T00:00:00Z,1565-12-09T00:00:00Z,60.7364818617385,66.6913073237509,5.95342465753425,Giovanni Angelo Medici,"Milan, Duchy of Milan",Italy,
225,Pius V,Pius,5,Saint,1504-01-17T00:00:00Z,1566-01-07T00:00:00Z,1572-05-01T00:00:00Z,61.9739904175222,68.2874743326489,6.31420765027322,Antonio Ghislieri,"Bosco, Duchy of Milan",Italy,
226,Gregory XIII,Gregory,13,NA,1502-01-07T00:00:00Z,1572-05-13T00:00:00Z,1585-04-10T00:00:00Z,70.3463381245722,83.2553045859001,12.9095890410959,Ugo Boncompagni,"Bologna, Papal States",Italy,
227,Sixtus V,Sixtus,5,NA,1521-12-13T00:00:00Z,1585-04-24T00:00:00Z,1590-08-27T00:00:00Z,63.3620807665982,68.703627652293,5.34246575342466,Felice Peretti di Montalto,"Grottammare, Marche, Papal States",Italy,
228,Urban VII,Urban,7,NA,1521-08-04T00:00:00Z,1590-09-15T00:00:00Z,1590-09-27T00:00:00Z,69.1143052703628,69.1471594798084,0.0328767123287671,Giovanni Battista Castagna,"Rome, Papal States",Italy,"Shortest-reigning pope; died before coronation. Set the first known worldwide smoking ban, banning smoking in and near all churches. "
229,Gregory XIV,Gregory,14,NA,1535-02-11T00:00:00Z,1590-12-05T00:00:00Z,1591-10-16T00:00:00Z,55.813826146475,56.6762491444216,0.863013698630137,Niccolo Sfondrati,"Somma Lombardo, Duchy of Milan",Italy,
230,Innocent IX,Innocent,9,NA,1519-07-20T00:00:00Z,1591-10-29T00:00:00Z,1591-12-30T00:00:00Z,72.2765229295004,72.4462696783025,0.169398907103825,Giovanni Antonio Facchinetti,"Bologna, Papal States",Italy,
231,Clement VIII,Clement,8,NA,1536-02-24T00:00:00Z,1592-01-30T00:00:00Z,1605-03-03T00:00:00Z,55.9315537303217,69.0212183436003,13.0876712328767,Ippolito Aldobrandini,"Fano, Marche, Papal States",Italy,
232,Leo XI,Leo,11,NA,1535-06-02T00:00:00Z,1605-04-01T00:00:00Z,1605-04-27T00:00:00Z,69.8316221765914,69.9028062970568,0.0712328767123288,Alessandro Ottaviano de Medici,"Florence, Duchy of Florence",Italy,"The great-nephew of Leo X. Called ""Papa Lampo"" (Lightning Pope) for his brief pontificate. "
233,Paul V,Paul,5,NA,1550-09-17T00:00:00Z,1605-05-16T00:00:00Z,1621-01-28T00:00:00Z,54.6611909650924,70.3655030800821,15.7041095890411,Camillo Borghese,"Rome, Papal States",Italy,
234,Gregory XV,Gregory,15,NA,1554-01-09T00:00:00Z,1621-02-09T00:00:00Z,1623-07-08T00:00:00Z,67.0855578370979,69.492128678987,2.40821917808219,Alessandro Ludovisi,"Bologna, Papal States",Italy,
235,Urban VIII,Urban,8,NA,1568-04-05T00:00:00Z,1623-08-06T00:00:00Z,1644-07-29T00:00:00Z,55.3347022587269,76.3148528405202,20.9781420765027,Maffeo Barberini,"Florence, Grand Duchy of Tuscany",Italy,The last pope to expand papal territory by force of arms. Issued a 1624 bill that made the use of tobacco in holy places punishable by excommunication. 
236,Innocent X,Innocent,10,NA,1574-05-06T00:00:00Z,1644-09-15T00:00:00Z,1655-01-07T00:00:00Z,70.362765229295,80.6735112936345,10.3123287671233,Giovanni Battista Pamphilj,"Rome, Papal States",Italy,The great-great-great-grandson of Alexander VI.
237,Alexander VII,Alexander,7,NA,1599-02-13T00:00:00Z,1655-04-07T00:00:00Z,1667-05-22T00:00:00Z,56.145106091718,68.268309377139,12.1229508196721,Fabio Chigi,"Siena, Grand Duchy of Tuscany",Italy,Great-nephew of Paul V. 
238,Clement IX,Clement,9,NA,1600-01-28T00:00:00Z,1667-06-20T00:00:00Z,1669-12-09T00:00:00Z,67.3921971252567,69.864476386037,2.47123287671233,Giulio Rospigliosi,"Pistoia, Grand Duchy of Tuscany",Italy,
239,Clement X,Clement,10,NA,1590-07-13T00:00:00Z,1670-04-29T00:00:00Z,1676-07-22T00:00:00Z,79.7946611909651,86.0260095824778,6.23013698630137,Emilio Bonaventura Altieri,"Rome, Papal States",Italy,Canonized the first saint from the Americas: St. Rose of Lima (1671)
240,Innocent XI,Innocent,11,Blessed,1611-05-16T00:00:00Z,1676-09-21T00:00:00Z,1689-08-12T00:00:00Z,65.3524982888433,78.2422997946612,12.8904109589041,Benedetto Odescalchi,"Como, Duchy of Milan",Italy,
241,Alexander VIII,Alexander,8,NA,1610-04-22T00:00:00Z,1689-10-06T00:00:00Z,1691-02-01T00:00:00Z,79.4579055441479,80.7802874743327,1.32328767123288,Pietro Vito Ottoboni,"Venice, Republic of Venice",Italy,
242,Innocent XII,Innocent,12,NA,1615-03-13T00:00:00Z,1691-07-12T00:00:00Z,1700-09-27T00:00:00Z,76.331279945243,85.5414099931554,9.21095890410959,Antonio Pignatelli,"Spinazzola, Kingdom of Naples",Italy,
243,Clement XI,Clement,11,NA,1649-07-23T00:00:00Z,1700-11-23T00:00:00Z,1721-03-19T00:00:00Z,51.3347022587269,71.6522929500342,20.3178082191781,Giovanni Francesco Albani,"Urbino, Marche, Papal States",Italy,
244,Innocent XIII,Innocent,13,NA,1655-05-13T00:00:00Z,1721-05-08T00:00:00Z,1724-03-07T00:00:00Z,65.9849418206708,68.8158795345654,2.83060109289618,Michelangelo dei Conti,"Poli, Lazio, Papal States",Italy,
245,Benedict XIII,Benedict,13,Servant of God,1649-02-02T00:00:00Z,1724-05-29T00:00:00Z,1730-02-21T00:00:00Z,75.315537303217,81.0485968514716,5.73424657534247,Pietro Francesco Orsini,"Gravina in Puglia, Kingdom of Naples",Italy,third and last member of the Orsini family to be pope. Originally called Benedict XIV due to the antipope but reverted to XIII. Repealed the worldwide tobacco smoking ban set by Urban VII and Urban VIII.
246,Clement XII,Clement,12,NA,1652-04-07T00:00:00Z,1730-07-12T00:00:00Z,1740-02-06T00:00:00Z,78.258726899384,87.8302532511978,9.57103825136612,Lorenzo Corsini,"Florence, Grand Duchy of Tuscany",Italy,
247,Benedict XIV,Benedict,14,NA,1675-03-31T00:00:00Z,1740-08-17T00:00:00Z,1758-05-03T00:00:00Z,65.3798767967146,83.088295687885,17.7095890410959,Prospero Lorenzo Lambertini,"Bologna, Papal States",Italy,
248,Clement XIII,Clement,13,NA,1693-03-07T00:00:00Z,1758-07-06T00:00:00Z,1769-02-02T00:00:00Z,65.3278576317591,75.9069130732375,10.5780821917808,Carlo della Torre di Rezzonico,"Venice, Republic of Venice",Italy,
249,Clement XIV,Clement,14,NA,1705-10-31T00:00:00Z,1769-05-19T00:00:00Z,1774-09-22T00:00:00Z,63.5482546201232,68.8925393566051,5.34520547945206,Giovanni Vincenzo Antonio Ganganelli,"Sant' Arcangelo di Romagna, Papal States",Italy,
250,Pius VI,Pius,6,NA,1717-12-25T00:00:00Z,1775-02-15T00:00:00Z,1799-08-29T00:00:00Z,57.1416837782341,81.6755646817249,24.5342465753425,Count Giovanni Angelo Braschi,"Cesena, Papal States",Italy,The last pope to be a patron of Renaissance art. 
251,Pius VII,Pius,7,Servant of God,1742-08-14T00:00:00Z,1800-03-14T00:00:00Z,1823-08-20T00:00:00Z,57.5797399041752,81.0130047912389,23.4344262295082,Barnaba Niccolò Maria Luigi Chiaramonti,"Cesena, Papal States",Italy,
252,Leo XII,Leo,12,NA,1760-08-22T00:00:00Z,1823-09-28T00:00:00Z,1829-02-10T00:00:00Z,63.0965092402464,68.4681724845996,5.36986301369863,Annibale Francesco Clemente Melchiore Girolamo Nicola Sermattei della Genga,"Genga or Spoleto, Papal States",Italy,
253,Pius VIII,Pius,8,NA,1761-11-20T00:00:00Z,1829-03-31T00:00:00Z,1830-11-30T00:00:00Z,67.356605065024,69.0239561943874,1.66849315068493,Francesco Saverio Castiglioni,"Cingoli, Marche, Papal States",Italy,
254,Gregory XVI,Gregory,16,NA,1765-09-18T00:00:00Z,1831-02-02T00:00:00Z,1846-06-01T00:00:00Z,65.3716632443532,80.6981519507187,15.3260273972603,Bartolomeo Alberto Cappellari,"Belluno, Republic of Venice",Italy,last non-bishop to be elected to the papacy.
255,Pius IX,Pius,9,Blessed,1792-05-13T00:00:00Z,1846-06-16T00:00:00Z,1878-02-07T00:00:00Z,54.0889801505818,85.7357973990418,31.6465753424658,Giovanni Maria Mastai-Ferretti,"Senigallia, Marche, Papal States",Italy,Longest-serving pope since Peter (c. AD 30–64). 
256,Leo XIII,Leo,13,NA,1810-03-02T00:00:00Z,1878-02-20T00:00:00Z,1903-07-20T00:00:00Z,67.9726214921287,93.3798767967146,25.4109589041096,Gioacchino Vincenzo Raffaele Luigi Pecci,"Carpineto Romano, Rome departement, French Empire (now Italy)",Italy,"Born as a French citizen, of Italian ethnicity, later became a subject of the Papal States and finally an Italian citizen.Had the third-longest reign after Pius IX, and John Paul II. first pope to fully embrace the concept of Mary as mediatrix. First Pope to be filmed by a motion picture camera and the first pope with voice recorded."
257,Pius X,Pius,10,Saint,1835-06-02T00:00:00Z,1903-08-04T00:00:00Z,1914-08-20T00:00:00Z,68.1697467488022,79.2142368240931,11.0438356164384,Giuseppe Melchiorre Sarto,"Riese, Lombardy-Venetia, Austrian Empire",Italy,
258,Benedict XV,Benedict,15,NA,1854-11-21T00:00:00Z,1914-09-03T00:00:00Z,1922-01-22T00:00:00Z,59.7809719370294,67.1676933607118,7.38630136986301,Giacomo Della Chiesa,"Genoa, Kingdom of Sardinia",Italy,
259,Pius XI,Pius,11,NA,1857-05-31T00:00:00Z,1922-02-06T00:00:00Z,1939-02-10T00:00:00Z,64.684462696783,81.6947296372348,17.0109589041096,Achille Ambrogio Damiano Ratti,"Desio, Lombardy-Venetia, Austrian Empire",Italy,
260,Pius XII,Pius,12,Venerable,1876-03-02T00:00:00Z,1939-03-02T00:00:00Z,1958-10-09T00:00:00Z,62.9952087611225,82.6009582477755,19.6054794520548,Eugenio Maria Giuseppe Giovanni Pacelli,"Rome, Italy",Italy,Eliminated the Italian majority of cardinals. 
261,John XXIII,John,23,Saint,1881-11-25T00:00:00Z,1958-10-28T00:00:00Z,1963-06-03T00:00:00Z,76.9199178644764,81.5167693360712,4.5972602739726,Angelo Giuseppe Roncalli,"Sotto il Monte, Bergamo, Italy",Italy,
262,Paul VI,Paul,6,Saint,1897-09-26T00:00:00Z,1963-06-21T00:00:00Z,1978-08-06T00:00:00Z,65.7303216974675,80.8569472963724,15.1260273972603,Giovanni Battista Enrico Antonio Maria Montini,"Concesio, Brescia, Italy",Italy,Last pope to be crowned. First pope since 1809 to travel outside Italy. 
263,John Paul I,John Paul,1,Blessed,1912-10-17T00:00:00Z,1978-08-26T00:00:00Z,1978-09-28T00:00:00Z,65.8562628336756,65.9466119096509,0.0904109589041096,Albino Luciani,"Forno di Canale, Veneto, Italy",Italy,Abolished the coronation and opted for the papal inauguration. First pope to use 'the First' in papal name; first with two names for two immediate predecessors. Last pope to use the sedia gestatoria. 
264,John Paul II,John Paul,2,Saint,1920-05-18T00:00:00Z,1978-10-16T00:00:00Z,2005-04-02T00:00:00Z,58.4120465434634,84.8733744010951,26.4602739726027,Karol Jozef Wojtyla,"Wadowice, Poland",Poland,"first pope of Slavic origin. First non-Italian pope since Adrian VI (1522–1523). Travelled extensively, visiting 129 countries during his pontificate. Second-longest reign after Pius IX. Canonized more saints than all his predecessors. Youngest individual to start his papacy since Pius IX (1846). "
265,Benedict XVI,Benedict,16,NA,1927-04-16T00:00:00Z,2005-04-19T00:00:00Z,2013-02-28T00:00:00Z,78.009582477755,85.8726899383984,7.86301369863014,Joseph Alois Ratzinger,"Marktl am Inn, Bavaria, Germany",Germany,"Oldest to become pope since Clement XII (1730). Elevated the Tridentine Mass to a more prominent position and promoted the use of Latin; re-introduced several disused papal garments. Authorized the creation of Anglican ordinariates (2009). First pope to renounce the papacy on his own initiative since Celestine V (1294),[47] becoming pope emeritus.[48] Longest-lived pope on record."
266,Francis,Francis,1,NA,1936-12-17T00:00:00Z,2013-03-13T00:00:00Z,2024-10-27T00:00:00Z,76.2354551676934,87.8603696098563,11,Jorge Mario Bergoglio,Buenos Aires,Argentina,First pope to be born outside Europe since Gregory III (731–741) and the first from the Americas; first pope from the Southern Hemisphere. First pope from a religious institute since Gregory XVI (1831–1846); first Jesuit pope. First to use a new and non-composed regnal name since Lando (913–914). First pope to visit and celebrate a mass on the Arabian Peninsula.
